<?xml version="1.0" encoding="UTF-8"?>
<!DOCTYPE mapper
    PUBLIC "-//mybatis.org//DTD Mapper 3.0//EN"
    "https://mybatis.org/dtd/mybatis-3-mapper.dtd">
<mapper namespace = "Board1">
	<select id ="getBoardList" parameterType="hashmap" resultType="boarddto">
		SELECT * 
		FROM (
		SELECT rownum R, A.* 
			  FROM (
			  SELECT * FROM BOARD 
			  WHERE boardtype = '1' 
			  ORDER BY BOARDid DESC
			  )A
			  WHERE rownum &lt;= #{endRow}
		)
		WHERE R &gt;= #{startRow}
	</select> 
	
	<select id = "getBoardCnt" resultType="_int">
		SELECT count(*) FROM BOARD where boardtype = #{boardtype}
	</select>
		
	<insert id="insertBoard" parameterType="boarddto">
		INSERT INTO BOARD values(SEQ_BOARD_ID.nextval,#{userid}, SEQ_BOARD_ID2.NEXTVAL, '1', #{title}, #{content})
   </insert>
   
	<select id="getDetail" parameterType="_int" resultType="boarddto">
	    SELECT * FROM BOARD  WHERE BOARDID = #{BOARDID}
	</select>
	
	<select id="getSeq" resultType="_int">
		SELECT SEQ_BOARD_ID.currval FROM dual
	</select>
	
	<insert id="addReply" parameterType="replydto">
		INSERT INTO datgle VALUES
		( #{boardid}, SEQ_DATGLE_NUM.nextval, #{userid},#{content})
	</insert>
	
	<select id = "getReplys" parameterType="_int" resultType="replydto">
		SELECT * FROM datgle WHERE boardid = #{boardid}
	</select>
	
	<update id= "updateReply" parameterType="hashmap">
		UPDATE DATGLE 
		SET CONTENT = #{content}
		WHERE COMMENTNUM = #{commentnum}
	</update>
	
	<delete id = "deleteReply" parameterType="_int" >
		DELETE FROM DATGLE WHERE COMMENTNUM = #{replynum}
	</delete>
	
	<delete id="deleteBoard" parameterType="_int">
		DELETE FROM BOARD b WHERE boardid = #{boardid}
	</delete>
	
	
	<update id="updateBoard" parameterType="hashmap" >
	    UPDATE board
    	SET title = #{title}, content = #{content}
    	WHERE boardid = #{boardid}
	</update>
	
	<select id="getPostOwnerId" resultType="String">
    	SELECT USERID FROM BOARD WHERE BOARDID = #{boardid}
	</select>
	
	<!-- 댓글 작성자 조회 -->
    <select id="getReplyOwnerId" resultType="String">
        SELECT USERID FROM DATGLE WHERE commentnum = #{commentnum}
    </select>
    
</mapper>