<?xml version="1.0" encoding="UTF-8"?>
<!DOCTYPE mapper
    PUBLIC "-//mybatis.org//DTD Mapper 3.0//EN"
    "https://mybatis.org/dtd/mybatis-3-mapper.dtd">
<mapper namespace="CartProdMapper">
    <insert id="addProductToCart" parameterType="com.kh.web.cart.dto.CartProdDTO">
        INSERT INTO CART_PROD (CART_NUM, PROD_NUM, PROD_CNT, PROD_PRICE)
        VALUES (#{CART_NUM}, #{PROD_NUM}, #{PROD_CNT}, #{PROD_PRICE})
    </insert>
    
    <select id="getCartProducts" parameterType="int" resultType="com.kh.web.cart.dto.CartProdDTO">
        SELECT cp.*, p.prod_name AS prodName, p.prod_image AS prodImage, p.prod_price AS prodPrice
        FROM CART_PROD cp
        JOIN PRODUCT p ON cp.prod_num = p.prod_num
        WHERE cp.cart_num = #{CART_NUM}
    </select>
    
    <delete id="removeProductFromCart" parameterType="com.kh.web.cart.dto.CartProdDTO">
        DELETE FROM CART_PROD WHERE CART_NUM = #{cartNum} AND PROD_NUM = #{prodNum}
    </delete>
    
    <select id = "getCartprodNum" parameterType="int" resultType = "int">
    	SELECT PROD_NUM 
    	FROM CART_PROD cp 
    	WHERE PROD_NUM = #{PROD_NUM} AND CART_NUM = #{CART_NUM}
    </select>
    
    <update id = "updateProductToCart" parameterType="com.kh.web.cart.dto.CartProdDTO">
    	UPDATE CART_PROD
		SET PROD_CNT = #{PROD_CNT}
		WHERE PROD_NUM =#{PROD_NUM}
    </update>
</mapper>
