<?xml version="1.0" encoding="UTF-8"?>
<!DOCTYPE mapper
    PUBLIC "-//mybatis.org//DTD Mapper 3.0//EN"
    "https://mybatis.org/dtd/mybatis-3-mapper.dtd">
<mapper namespace="Users">
	<insert id="join" parameterType="usersdto">
		INSERT INTO USERS VALUES 
		(#{user_id},#{name},#{email},#{password},#{nickname},#{tel})
	</insert>
	<select id="login" parameterType="hashmap" resultType="_int">
		SELECT COUNT(*) FROM USERS 
		WHERE USER_ID = #{user_id} AND PASSWORD = #{password}
	</select>
	
	<select id="checkId" parameterType="String" resultType="String">
		SELECT USER_ID FROM USERS 
		WHERE USER_ID = #{user_id}
	</select>
	<select id="getPhoneNumber" parameterType="String" resultType="String">
        SELECT tel
        FROM USERS
        WHERE USER_ID = #{user_id}
    </select>
</mapper>